{
  "runCount": 12,
  "lastRunMakespan": 24,
  "profileSummary": {
    "capture-1": {
      "anrg-3": 7.213657817450745
    },
    "capture-2": {
      "anrg-4": 7.073792736362908
    },
    "capture-3": {
      "anrg-5": 7.13557266355933
    },
    "capture-4": {
      "anrg-6": 7.550129286181923
    },
    "fuse-tracks": {
      "anrg-3": 2.0014242684529826,
      "anrg-4": 2.3,
      "anrg-5": 2.3
    },
    "generate-report": {
      "anrg-3": 4,
      "anrg-5": 2.9999999999999996,
      "anrg-6": 3.389922891631457
    },
    "infer-1": {
      "anrg-3": 4.612991835560299,
      "anrg-4": 12,
      "anrg-5": 11.250353606999997,
      "anrg-6": 5.699999999999999
    },
    "infer-2": {
      "anrg-3": 4.7,
      "anrg-4": 11.601701630698997,
      "anrg-5": 4.7500543673
    },
    "infer-3": {
      "anrg-3": 11.267194402999998,
      "anrg-4": 4.6927214851,
      "anrg-5": 11.852999999999998
    },
    "infer-4": {
      "anrg-3": 5,
      "anrg-5": 4,
      "anrg-6": 4.369375740854759
    },
    "preprocess-1": {
      "anrg-3": 5.466926506725749
    },
    "preprocess-2": {
      "anrg-4": 4.92542613087635
    },
    "preprocess-3": {
      "anrg-5": 5.154149040226507
    },
    "preprocess-4": {
      "anrg-6": 6.000736538082081
    }
  }
}
