{
  "runCount": 10,
  "lastRunMakespan": 25,
  "profileSummary": {
    "capture-1": {
      "anrg-3": 6.3952200356137645
    },
    "capture-2": {
      "anrg-4": 6.722025992577365
    },
    "capture-3": {
      "anrg-5": 6.6644340072639405
    },
    "capture-4": {
      "anrg-6": 7.694141400371272
    },
    "fuse-tracks": {
      "anrg-3": 2.0029066703122096,
      "anrg-4": 2.3,
      "anrg-5": 2.3
    },
    "generate-report": {
      "anrg-3": 4,
      "anrg-6": 3.389922891631457
    },
    "infer-1": {
      "anrg-3": 4.82243231747,
      "anrg-4": 12,
      "anrg-5": 11.250353606999997,
      "anrg-6": 5.699999999999999
    },
    "infer-2": {
      "anrg-3": 4.7,
      "anrg-4": 11.601701630698997,
      "anrg-5": 5.102151769999999
    },
    "infer-3": {
      "anrg-3": 11.267194402999998,
      "anrg-4": 4.372900989999999,
      "anrg-5": 11.852999999999998
    },
    "infer-4": {
      "anrg-3": 5,
      "anrg-5": 4,
      "anrg-6": 4.753828042560734
    },
    "preprocess-1": {
      "anrg-3": 5.340666340256632
    },
    "preprocess-2": {
      "anrg-4": 4.847808430359898
    },
    "preprocess-3": {
      "anrg-5": 5.31458987801328
    },
    "preprocess-4": {
      "anrg-6": 6.001503138943024
    }
  }
}
