{
  "runCount": 9,
  "lastRunMakespan": 25,
  "profileSummary": {
    "capture-1": {
      "anrg-3": 6.564600050876807
    },
    "capture-2": {
      "anrg-4": 6.602894275110522
    },
    "capture-3": {
      "anrg-5": 6.949191438948487
    },
    "capture-4": {
      "anrg-6": 7.134487714816105
    },
    "fuse-tracks": {
      "anrg-3": 2.0041523861602997,
      "anrg-4": 2.3,
      "anrg-5": 2.3
    },
    "generate-report": {
      "anrg-3": 4,
      "anrg-6": 3.128461273759225
    },
    "infer-1": {
      "anrg-3": 4.746331882099999,
      "anrg-4": 12,
      "anrg-5": 11.250353606999997,
      "anrg-6": 5.699999999999999
    },
    "infer-2": {
      "anrg-3": 4.7,
      "anrg-4": 11.601701630698997,
      "anrg-5": 5.145931099999999
    },
    "infer-3": {
      "anrg-3": 11.267194402999998,
      "anrg-4": 4.532715699999999,
      "anrg-5": 11.852999999999998
    },
    "infer-4": {
      "anrg-3": 5,
      "anrg-5": 4,
      "anrg-6": 5.076897203658192
    },
    "preprocess-1": {
      "anrg-3": 5.486666200366619
    },
    "preprocess-2": {
      "anrg-4": 5.21115490051414
    },
    "preprocess-3": {
      "anrg-5": 5.020842682876115
    },
    "preprocess-4": {
      "anrg-6": 6.002147341347177
    }
  }
}
