{
  "runCount": 7,
  "lastRunMakespan": 22,
  "profileSummary": {
    "capture-1": {
      "anrg-3": 6.540000103830221
    },
    "capture-2": {
      "anrg-4": 6.618151581858209
    },
    "capture-3": {
      "anrg-5": 6.896309059078547
    },
    "capture-4": {
      "anrg-6": 7.1921253068801505
    },
    "fuse-tracks": {
      "anrg-3": 2.0084742574699996,
      "anrg-4": 2.3,
      "anrg-5": 2.3
    },
    "generate-report": {
      "anrg-3": 4,
      "anrg-6": 2.6499209668555608
    },
    "infer-1": {
      "anrg-3": 5.523126289999999,
      "anrg-4": 12,
      "anrg-5": 11.250353606999997,
      "anrg-6": 5.699999999999999
    },
    "infer-2": {
      "anrg-3": 4.7,
      "anrg-4": 11.601701630698997,
      "anrg-5": 5.726389999999999
    },
    "infer-3": {
      "anrg-3": 11.267194402999998,
      "anrg-4": 4.332450999999999,
      "anrg-5": 11.852999999999998
    },
    "infer-4": {
      "anrg-3": 5,
      "anrg-5": 4,
      "anrg-6": 5.769177966649372
    },
    "preprocess-1": {
      "anrg-3": 5.695237429095171
    },
    "preprocess-2": {
      "anrg-4": 5.301649857877344
    },
    "preprocess-3": {
      "anrg-5": 5.042536087502277
    },
    "preprocess-4": {
      "anrg-6": 6.003067630495968
    }
  }
}
