{
  "runCount": 5,
  "lastRunMakespan": 24,
  "profileSummary": {
    "capture-1": {
      "anrg-3": 6.673469599653513
    },
    "capture-2": {
      "anrg-4": 7.261533840526958
    },
    "capture-3": {
      "anrg-5": 7.216957263425607
    },
    "capture-4": {
      "anrg-6": 8.004337360979902
    },
    "fuse-tracks": {
      "anrg-3": 2.0172944029999997,
      "anrg-4": 2.3,
      "anrg-5": 2.3
    },
    "generate-report": {
      "anrg-3": 4,
      "anrg-6": 2.897797891541961
    },
    "infer-1": {
      "anrg-3": 7.108420999999998,
      "anrg-4": 12,
      "anrg-5": 11.250353606999997,
      "anrg-6": 5.699999999999999
    },
    "infer-2": {
      "anrg-3": 4.7,
      "anrg-4": 11.601701630698997,
      "anrg-5": 6.910999999999999
    },
    "infer-3": {
      "anrg-3": 11.267194402999998,
      "anrg-4": 4.249899999999999,
      "anrg-5": 11.852999999999998
    },
    "infer-4": {
      "anrg-3": 5,
      "anrg-5": 4,
      "anrg-6": 6.998322380917086
    },
    "preprocess-1": {
      "anrg-3": 5.378035569581982
    },
    "preprocess-2": {
      "anrg-4": 5.615611954851722
    },
    "preprocess-3": {
      "anrg-5": 5.086808341841381
    },
    "preprocess-4": {
      "anrg-6": 6.006260470399936
    }
  }
}
