{
  "runCount": 2,
  "lastRunMakespan": 38,
  "profileSummary": {
    "capture-1": {
      "anrg-3": 7.088832652051064
    },
    "capture-2": {
      "anrg-4": 7.3164251910406986
    },
    "capture-3": {
      "anrg-5": 7.1864643248560025
    },
    "capture-4": {
      "anrg-6": 8.275036037842282
    },
    "fuse-tracks": {
      "anrg-3": 2.0504209999999996,
      "anrg-4": 2.3,
      "anrg-5": 2.3
    },
    "generate-report": {
      "anrg-3": 4,
      "anrg-6": 2.702034669218546
    },
    "infer-1": {
      "anrg-3": 9.302899999999998,
      "anrg-4": 12,
      "anrg-5": 11.250353606999997,
      "anrg-6": 6
    },
    "infer-2": {
      "anrg-3": 5,
      "anrg-4": 11.601701630698997,
      "anrg-5": 8.899999999999999
    },
    "infer-3": {
      "anrg-3": 11.267194402999998,
      "anrg-4": 4.3,
      "anrg-5": 11.852999999999998
    },
    "infer-4": {
      "anrg-3": 5,
      "anrg-6": 9.506780369218545
    },
    "preprocess-1": {
      "anrg-3": 5.673573089160299
    },
    "preprocess-2": {
      "anrg-4": 5.753970713853419
    },
    "preprocess-3": {
      "anrg-5": 5.681656973298489
    },
    "preprocess-4": {
      "anrg-6": 6.018252100291362
    }
  }
}
