{
  "runCount": 16,
  "lastRunMakespan": 24,
  "profileSummary": {
    "capture-1": {
      "anrg-3": 7.2612992419699225
    },
    "capture-2": {
      "anrg-4": 7.017717636000734
    },
    "capture-3": {
      "anrg-5": 7.493501423600849
    },
    "capture-4": {
      "anrg-6": 7.342086041612278
    },
    "fuse-tracks": {
      "anrg-3": 2.0004885240793726,
      "anrg-4": 2.3,
      "anrg-5": 2.3
    },
    "generate-report": {
      "anrg-3": 4,
      "anrg-5": 2.9999999999999996,
      "anrg-6": 3.389922891631457
    },
    "infer-1": {
      "anrg-3": 4.697079339718027,
      "anrg-4": 12,
      "anrg-5": 11.250353606999997,
      "anrg-6": 5.699999999999999
    },
    "infer-2": {
      "anrg-3": 4.7,
      "anrg-4": 11.601701630698997,
      "anrg-5": 4.3900880535887294
    },
    "infer-3": {
      "anrg-3": 11.267194402999998,
      "anrg-4": 4.5376034693893,
      "anrg-5": 11.852999999999998
    },
    "infer-4": {
      "anrg-3": 5,
      "anrg-5": 4,
      "anrg-6": 4.483695879113182
    },
    "preprocess-1": {
      "anrg-3": 5.112109054264852
    },
    "preprocess-2": {
      "anrg-4": 5.192094814023411
    },
    "preprocess-3": {
      "anrg-5": 5.037011184558383
    },
    "preprocess-4": {
      "anrg-6": 5.790176842793507
    }
  }
}
