{
  "runCount": 6,
  "lastRunMakespan": 23,
  "profileSummary": {
    "capture-1": {
      "anrg-3": 6.771428719757459
    },
    "capture-2": {
      "anrg-4": 6.88307368836887
    },
    "capture-3": {
      "anrg-5": 6.851870084397925
    },
    "capture-4": {
      "anrg-6": 7.703036152685931
    },
    "fuse-tracks": {
      "anrg-3": 2.0121060821,
      "anrg-4": 2.3,
      "anrg-5": 2.3
    },
    "generate-report": {
      "anrg-3": 4,
      "anrg-6": 2.9284585240793723
    },
    "infer-1": {
      "anrg-3": 6.175894699999999,
      "anrg-4": 12,
      "anrg-5": 11.250353606999997,
      "anrg-6": 5.699999999999999
    },
    "infer-2": {
      "anrg-3": 4.7,
      "anrg-4": 11.601701630698997,
      "anrg-5": 6.037699999999999
    },
    "infer-3": {
      "anrg-3": 11.267194402999998,
      "anrg-4": 4.474929999999999,
      "anrg-5": 11.852999999999998
    },
    "infer-4": {
      "anrg-3": 5,
      "anrg-5": 4,
      "anrg-6": 6.09882566664196
    },
    "preprocess-1": {
      "anrg-3": 5.564624898707387
    },
    "preprocess-2": {
      "anrg-4": 5.430928368396205
    },
    "preprocess-3": {
      "anrg-5": 5.060765839288967
    },
    "preprocess-4": {
      "anrg-6": 6.004382329279955
    }
  }
}
