{
  "runCount": 14,
  "lastRunMakespan": 24,
  "profileSummary": {
    "capture-1": {
      "anrg-3": 7.104692330550865
    },
    "capture-2": {
      "anrg-4": 7.036158440817825
    },
    "capture-3": {
      "anrg-5": 7.394900864491531
    },
    "capture-4": {
      "anrg-6": 7.2695633502291415
    },
    "fuse-tracks": {
      "anrg-3": 2.000996987917088,
      "anrg-4": 2.3,
      "anrg-5": 2.3
    },
    "generate-report": {
      "anrg-3": 4,
      "anrg-5": 2.9999999999999996,
      "anrg-6": 3.389922891631457
    },
    "infer-1": {
      "anrg-3": 4.810365999424546,
      "anrg-4": 12,
      "anrg-5": 11.250353606999997,
      "anrg-6": 5.699999999999999
    },
    "infer-2": {
      "anrg-3": 4.7,
      "anrg-4": 11.601701630698997,
      "anrg-5": 4.367526639976999
    },
    "infer-3": {
      "anrg-3": 11.267194402999998,
      "anrg-4": 4.48490503957,
      "anrg-5": 11.852999999999998
    },
    "infer-4": {
      "anrg-3": 5,
      "anrg-5": 4,
      "anrg-6": 4.558563018598331
    },
    "preprocess-1": {
      "anrg-3": 5.228793988295617
    },
    "preprocess-2": {
      "anrg-4": 4.963458804129411
    },
    "preprocess-3": {
      "anrg-5": 5.0755330297109875
    },
    "preprocess-4": {
      "anrg-6": 6.000360903660218
    }
  }
}
