{
  "runCount": 3,
  "lastRunMakespan": 37,
  "profileSummary": {
    "capture-1": {
      "anrg-3": 6.762182856435744
    },
    "capture-2": {
      "anrg-4": 6.921497633728489
    },
    "capture-3": {
      "anrg-5": 6.830525027399201
    },
    "capture-4": {
      "anrg-6": 8.192525226489597
    },
    "fuse-tracks": {
      "anrg-3": 2.0352946999999997,
      "anrg-4": 2.3,
      "anrg-5": 2.3
    },
    "generate-report": {
      "anrg-3": 4,
      "anrg-6": 2.791424268452982
    },
    "infer-1": {
      "anrg-3": 9.302899999999998,
      "anrg-4": 12,
      "anrg-5": 11.250353606999997,
      "anrg-6": 5.699999999999999
    },
    "infer-2": {
      "anrg-3": 4.7,
      "anrg-4": 11.601701630698997,
      "anrg-5": 8.899999999999999
    },
    "infer-3": {
      "anrg-3": 11.267194402999998,
      "anrg-4": 4.51,
      "anrg-5": 11.852999999999998
    },
    "infer-4": {
      "anrg-3": 5,
      "anrg-5": 4,
      "anrg-6": 9.506780369218545
    },
    "preprocess-1": {
      "anrg-3": 5.771501162412209
    },
    "preprocess-2": {
      "anrg-4": 5.827779499697392
    },
    "preprocess-3": {
      "anrg-5": 5.177159881308942
    },
    "preprocess-4": {
      "anrg-6": 6.012776470203953
    }
  }
}
