{
  "runCount": 11,
  "lastRunMakespan": 25,
  "profileSummary": {
    "capture-1": {
      "anrg-3": 6.8766540249296355
    },
    "capture-2": {
      "anrg-4": 7.105418194804155
    },
    "capture-3": {
      "anrg-5": 6.765103805084758
    },
    "capture-4": {
      "anrg-6": 7.785898980259891
    },
    "fuse-tracks": {
      "anrg-3": 2.0020346692185464,
      "anrg-4": 2.3,
      "anrg-5": 2.3
    },
    "generate-report": {
      "anrg-3": 4,
      "anrg-5": 3,
      "anrg-6": 3.389922891631457
    },
    "infer-1": {
      "anrg-3": 4.875702622228999,
      "anrg-4": 12,
      "anrg-5": 11.250353606999997,
      "anrg-6": 5.699999999999999
    },
    "infer-2": {
      "anrg-3": 4.7,
      "anrg-4": 11.601701630698997,
      "anrg-5": 5.071506239
    },
    "infer-3": {
      "anrg-3": 11.267194402999998,
      "anrg-4": 4.561030692999999,
      "anrg-5": 11.852999999999998
    },
    "infer-4": {
      "anrg-3": 5,
      "anrg-5": 4,
      "anrg-6": 4.527679629792513
    },
    "preprocess-1": {
      "anrg-3": 5.238466438179643
    },
    "preprocess-2": {
      "anrg-4": 4.893465901251928
    },
    "preprocess-3": {
      "anrg-5": 5.220212914609295
    },
    "preprocess-4": {
      "anrg-6": 6.001052197260116
    }
  }
}
