{
  "runCount": 8,
  "lastRunMakespan": 23,
  "profileSummary": {
    "capture-1": {
      "anrg-3": 6.3780000726811545
    },
    "capture-2": {
      "anrg-4": 6.432706107300746
    },
    "capture-3": {
      "anrg-5": 6.9274163413549825
    },
    "capture-4": {
      "anrg-6": 7.1921253068801505
    },
    "fuse-tracks": {
      "anrg-3": 2.0059319802289997,
      "anrg-4": 2.3,
      "anrg-5": 2.3
    },
    "generate-report": {
      "anrg-3": 4,
      "anrg-6": 2.7549446767988925
    },
    "infer-1": {
      "anrg-3": 5.066188402999999,
      "anrg-4": 12,
      "anrg-5": 11.250353606999997,
      "anrg-6": 5.699999999999999
    },
    "infer-2": {
      "anrg-3": 4.7,
      "anrg-4": 11.601701630698997,
      "anrg-5": 5.208473
    },
    "infer-3": {
      "anrg-3": 11.267194402999998,
      "anrg-4": 4.332450999999999,
      "anrg-5": 11.852999999999998
    },
    "infer-4": {
      "anrg-3": 5,
      "anrg-5": 4,
      "anrg-6": 5.538424576654561
    },
    "preprocess-1": {
      "anrg-3": 5.695237429095171
    },
    "preprocess-2": {
      "anrg-4": 5.301649857877344
    },
    "preprocess-3": {
      "anrg-5": 5.029775261251594
    },
    "preprocess-4": {
      "anrg-6": 6.003067630495968
    }
  }
}
