{
  "runCount": 17,
  "lastRunMakespan": 25,
  "profileSummary": {
    "capture-1": {
      "anrg-3": 7.182909469378945
    },
    "capture-2": {
      "anrg-4": 7.312402345200514
    },
    "capture-3": {
      "anrg-5": 7.945450996520593
    },
    "capture-4": {
      "anrg-6": 7.5394602291285935
    },
    "fuse-tracks": {
      "anrg-3": 2.0003419668555606,
      "anrg-4": 2.3,
      "anrg-5": 2.3
    },
    "generate-report": {
      "anrg-3": 4,
      "anrg-5": 2.9999999999999996,
      "anrg-6": 3.389922891631457
    },
    "infer-1": {
      "anrg-3": 4.487955537802619,
      "anrg-4": 12,
      "anrg-5": 11.250353606999997,
      "anrg-6": 5.699999999999999
    },
    "infer-2": {
      "anrg-3": 4.7,
      "anrg-4": 11.601701630698997,
      "anrg-5": 4.57306163751211
    },
    "infer-3": {
      "anrg-3": 11.267194402999998,
      "anrg-4": 4.37632242857251,
      "anrg-5": 11.852999999999998
    },
    "infer-4": {
      "anrg-3": 5,
      "anrg-5": 4,
      "anrg-6": 4.3385871153792275
    },
    "preprocess-1": {
      "anrg-3": 5.378476337985396
    },
    "preprocess-2": {
      "anrg-4": 5.434466369816388
    },
    "preprocess-3": {
      "anrg-5": 5.025907829190868
    },
    "preprocess-4": {
      "anrg-6": 5.853123789955454
    }
  }
}
