{
  "runCount": 17,
  "lastRunMakespan": 37,
  "profileSummary": {
    "capture-1": {
      "anrg-3": 6.395532663306688
    },
    "capture-2": {
      "anrg-4": 7.266004035148995
    },
    "capture-3": {
      "anrg-5": 6.5691801723504275
    },
    "capture-4": {
      "anrg-6": 7.3254155735082325
    },
    "fuse-tracks": {
      "anrg-3": 2,
      "anrg-4": 2,
      "anrg-5": 2.3504209999999994,
      "anrg-6": 2.2957156999999997
    },
    "generate-report": {
      "anrg-3": 3.312648306999999,
      "anrg-4": 3.7456752999999994,
      "anrg-5": 3.4704489999999995,
      "anrg-6": 3.535933299999999
    },
    "infer-1": {
      "anrg-3": 6.898420999999998,
      "anrg-4": 6.365629999999999,
      "anrg-5": 5.295927596999999,
      "anrg-6": 7.682884099999998
    },
    "infer-2": {
      "anrg-3": 7.664706289999998,
      "anrg-4": 4.684768756399999,
      "anrg-5": 6.757999999999999,
      "anrg-6": 7.64
    },
    "infer-3": {
      "anrg-3": 5.279389999999999,
      "anrg-4": 5.531390692999999,
      "anrg-5": 7.547648999999999,
      "anrg-6": 6.409729999999999
    },
    "infer-4": {
      "anrg-3": 5.248826606999999,
      "anrg-4": 5.020963999999999,
      "anrg-5": 8.899999999999999,
      "anrg-6": 6.493942709999998
    },
    "preprocess-1": {
      "anrg-3": 5.3768155439298715
    },
    "preprocess-2": {
      "anrg-4": 5.099198116677413
    },
    "preprocess-3": {
      "anrg-5": 5.13948403296498
    },
    "preprocess-4": {
      "anrg-6": 5.553246812266542
    }
  }
}
