{
  "runCount": 4,
  "lastRunMakespan": 24,
  "profileSummary": {
    "capture-1": {
      "anrg-3": 6.53352799950502
    },
    "capture-2": {
      "anrg-4": 6.945048343609942
    },
    "capture-3": {
      "anrg-5": 6.88136751917944
    },
    "capture-4": {
      "anrg-6": 8.434767658542716
    },
    "fuse-tracks": {
      "anrg-3": 2.0247062899999997,
      "anrg-4": 2.3,
      "anrg-5": 2.3
    },
    "generate-report": {
      "anrg-3": 4,
      "anrg-6": 2.8539969879170872
    },
    "infer-1": {
      "anrg-3": 8.012029999999998,
      "anrg-4": 12,
      "anrg-5": 11.250353606999997,
      "anrg-6": 5.699999999999999
    },
    "infer-2": {
      "anrg-3": 4.7,
      "anrg-4": 11.601701630698997,
      "anrg-5": 7.729999999999999
    },
    "infer-3": {
      "anrg-3": 11.267194402999998,
      "anrg-4": 4.356999999999999,
      "anrg-5": 11.852999999999998
    },
    "infer-4": {
      "anrg-3": 5,
      "anrg-5": 4,
      "anrg-6": 7.854746258452981
    },
    "preprocess-1": {
      "anrg-3": 5.540050813688546
    },
    "preprocess-2": {
      "anrg-4": 5.879445649788174
    },
    "preprocess-3": {
      "anrg-5": 5.12401191691626
    },
    "preprocess-4": {
      "anrg-6": 6.008943529142766
    }
  }
}
